{"stats":{"minecraft:custom":{"minecraft:jump":35,"minecraft:time_since_rest":4919,"minecraft:damage_dealt":18,"minecraft:crouch_one_cm":2638,"minecraft:play_time":4919,"minecraft:leave_game":2,"minecraft:sprint_one_cm":2882,"minecraft:damage_taken":225,"minecraft:time_since_death":4919,"minecraft:walk_one_cm":7044,"minecraft:sneak_time":565,"minecraft:total_world_time":4919,"minecraft:fly_one_cm":12333},"minecraft:picked_up":{"minecraft:dirt":10,"minecraft:gravel":7},"minecraft:mined":{"minecraft:short_grass":1,"minecraft:gravel":7,"minecraft:dirt":10},"minecraft:used":{"minecraft:dirt":10}},"DataVersion":3953}