{"stats":{"minecraft:dropped":{"minecraft:birch_log":1,"minecraft:grass_block":1},"minecraft:crafted":{"travelersbackpack:fox":5,"travelersbackpack:bee":5},"minecraft:picked_up":{"minecraft:birch_log":3,"reinfshulker:white_netherite_shulker_box":1,"minecraft:grass_block":1},"minecraft:used":{"waystones:waystone":1,"travelersbackpack:standard":5,"travelersbackpack:bee":3,"minecraft:smithing_table":1,"reinfshulker:gray_iron_shulker_box":1,"minecraft:grass_block":7,"travelersbackpack:netherite":1,"expandedstorage:bamboo_chest":3,"minecraft:birch_log":4,"minecraft:shulker_box":1,"waystones:magenta_sharestone":2,"travelersbackpack:fox":2,"reinfshulker:white_netherite_shulker_box":2},"minecraft:mined":{"minecraft:short_grass":1,"minecraft:birch_log":2},"minecraft:custom":{"minecraft:time_since_rest":21508,"minecraft:interact_with_smithing_table":7,"minecraft:waystone_activated":1,"minecraft:crouch_one_cm":803,"minecraft:sprint_one_cm":3660,"minecraft:play_time":21508,"minecraft:open_shulker_box":2,"minecraft:walk_one_cm":13355,"minecraft:sneak_time":428,"minecraft:drop":2,"minecraft:jump":25,"minecraft:walk_on_water_one_cm":103,"minecraft:leave_game":1,"minecraft:open_netherite_shulker_box":11,"minecraft:time_since_death":21508,"minecraft:total_world_time":21508,"minecraft:fly_one_cm":51361}},"DataVersion":3953}