{"stats":{"minecraft:used":{"travelersbackpack:standard":5,"minecraft:grass_block":7,"reinfshulker:gray_iron_shulker_box":1,"travelersbackpack:netherite":1,"minecraft:birch_log":4,"minecraft:shulker_box":1,"reinfshulker:white_netherite_shulker_box":2},"minecraft:dropped":{"minecraft:birch_log":1,"minecraft:grass_block":1},"minecraft:custom":{"minecraft:time_since_rest":7343,"minecraft:crouch_one_cm":641,"minecraft:play_time":7343,"minecraft:sprint_one_cm":512,"minecraft:open_shulker_box":2,"minecraft:walk_one_cm":5288,"minecraft:sneak_time":164,"minecraft:drop":2,"minecraft:jump":14,"minecraft:leave_game":1,"minecraft:open_netherite_shulker_box":11,"minecraft:time_since_death":7343,"minecraft:total_world_time":7343,"minecraft:fly_one_cm":3513},"minecraft:mined":{"minecraft:short_grass":1,"minecraft:birch_log":2},"minecraft:picked_up":{"minecraft:birch_log":3,"reinfshulker:white_netherite_shulker_box":1,"minecraft:grass_block":1}},"DataVersion":3953}