{"stats":{"minecraft:used":{"minecraft:dirt":10},"minecraft:mined":{"minecraft:short_grass":1,"minecraft:dirt":10},"minecraft:picked_up":{"minecraft:dirt":10},"minecraft:custom":{"minecraft:jump":8,"minecraft:time_since_rest":2475,"minecraft:crouch_one_cm":1076,"minecraft:leave_game":1,"minecraft:sprint_one_cm":1239,"minecraft:play_time":2475,"minecraft:time_since_death":2475,"minecraft:walk_one_cm":3654,"minecraft:sneak_time":234,"minecraft:total_world_time":2475,"minecraft:fly_one_cm":1983}},"DataVersion":3953}