{"stats":{"minecraft:dropped":{"minecraft:birch_log":1,"minecraft:grass_block":1},"minecraft:picked_up":{"minecraft:birch_log":3,"reinfshulker:white_netherite_shulker_box":1,"minecraft:grass_block":1},"minecraft:used":{"travelersbackpack:standard":5,"reinfshulker:gray_iron_shulker_box":1,"minecraft:grass_block":7,"travelersbackpack:netherite":1,"minecraft:birch_log":4,"minecraft:shulker_box":1,"reinfshulker:white_netherite_shulker_box":2},"minecraft:mined":{"minecraft:short_grass":1,"minecraft:birch_log":2},"minecraft:custom":{"minecraft:time_since_rest":9508,"minecraft:crouch_one_cm":690,"minecraft:sprint_one_cm":512,"minecraft:play_time":9508,"minecraft:open_shulker_box":2,"minecraft:walk_one_cm":5377,"minecraft:sneak_time":174,"minecraft:drop":2,"minecraft:jump":16,"minecraft:leave_game":1,"minecraft:open_netherite_shulker_box":11,"minecraft:time_since_death":9508,"minecraft:total_world_time":9508,"minecraft:fly_one_cm":9706}},"DataVersion":3953}