{
  "repurposed_structures:root": {
    "criteria": {
      "always": "2024-11-06 13:51:21 +0000"
    },
    "done": true
  },
  "minecraft:recipes/decorations/crafting_table": {
    "criteria": {
      "unlock_right_away": "2024-11-06 13:51:21 +0000"
    },
    "done": true
  },
  "betterdeserttemples:root": {
    "criteria": {
      "always": "2024-11-06 13:51:21 +0000"
    },
    "done": true
  },
  "betterdungeons:root": {
    "criteria": {
      "always": "2024-11-06 13:51:21 +0000"
    },
    "done": true
  },
  "minecraft:adventure/adventuring_time": {
    "criteria": {
      "minecraft:forest": "2024-11-06 13:51:21 +0000",
      "minecraft:cherry_grove": "2024-11-07 00:38:46 +0000",
      "minecraft:sunflower_plains": "2024-11-07 00:38:55 +0000",
      "minecraft:river": "2024-11-07 00:31:20 +0000",
      "minecraft:birch_forest": "2024-11-07 00:30:30 +0000",
      "minecraft:dripstone_caves": "2024-11-07 00:38:40 +0000",
      "minecraft:plains": "2024-11-07 00:39:01 +0000"
    },
    "done": false
  },
  "minecraft:recipes/building_blocks/birch_wood": {
    "criteria": {
      "has_log": "2024-11-06 13:51:52 +0000"
    },
    "done": true
  },
  "minecraft:recipes/building_blocks/birch_planks": {
    "criteria": {
      "has_logs": "2024-11-06 13:51:52 +0000"
    },
    "done": true
  },
  "minecraft:recipes/misc/charcoal": {
    "criteria": {
      "has_log": "2024-11-06 13:51:52 +0000"
    },
    "done": true
  },
  "farmersdelight:main/root": {
    "criteria": {
      "seeds": "2024-11-06 13:51:52 +0000"
    },
    "done": true
  },
  "reinfshulker:recipes/decorations/gold_shulker_box": {
    "criteria": {
      "has_iron_shulker_box": "2024-11-06 13:54:45 +0000"
    },
    "done": true
  },
  "reinfshulker:recipes/decorations/copper_shulker_box": {
    "criteria": {
      "has_shulker_box": "2024-11-06 13:55:24 +0000"
    },
    "done": true
  },
  "minecraft:recipes/decorations/oak_hanging_sign": {
    "criteria": {
      "has_stripped_logs": "2024-11-06 13:55:25 +0000"
    },
    "done": true
  },
  "minecraft:recipes/building_blocks/oak_planks": {
    "criteria": {
      "has_logs": "2024-11-06 13:55:25 +0000"
    },
    "done": true
  },
  "minecraft:recipes/building_blocks/stripped_oak_wood": {
    "criteria": {
      "has_log": "2024-11-06 13:55:25 +0000"
    },
    "done": true
  },
  "travelersbackpack:recipes/misc/netherite_smithing": {
    "criteria": {
      "has_netherite": "2024-11-06 13:56:09 +0000"
    },
    "done": true
  },
  "travelersbackpack:recipes/misc/standard_smithing": {
    "criteria": {
      "has_standard": "2024-11-06 13:56:13 +0000"
    },
    "done": true
  },
  "travelersbackpack:standard_from_custom": {
    "criteria": {
      "has_backpack": "2024-11-06 13:56:13 +0000"
    },
    "done": true
  },
  "artifacts:amateur_archaeologist": {
    "criteria": {
      "find_artifact": "2024-11-06 13:56:27 +0000"
    },
    "done": true
  },
  "minecraft:recipes/combat/leather_helmet": {
    "criteria": {
      "has_leather": "2024-11-07 00:34:23 +0000"
    },
    "done": true
  },
  "minecraft:recipes/combat/leather_leggings": {
    "criteria": {
      "has_leather": "2024-11-07 00:34:23 +0000"
    },
    "done": true
  },
  "waystones:recipes/decorations/mossy_waystone_from_vines": {
    "criteria": {
      "has_waystone": "2024-11-07 00:32:42 +0000"
    },
    "done": true
  },
  "minecraft:recipes/combat/leather_chestplate": {
    "criteria": {
      "has_leather": "2024-11-07 00:34:23 +0000"
    },
    "done": true
  },
  "expandedstorage:recipes/misc/gold_mini_chest": {
    "criteria": {
      "has_item": "2024-11-07 00:32:52 +0000"
    },
    "done": true
  },
  "minecraft:recipes/decorations/chest": {
    "criteria": {
      "has_lots_of_items": "2024-11-07 00:37:29 +0000"
    },
    "done": true
  },
  "minecraft:recipes/transportation/cherry_boat": {
    "criteria": {
      "in_water": "2024-11-07 00:31:18 +0000"
    },
    "done": true
  },
  "expandedstorage:recipes/misc/copper_chest": {
    "criteria": {
      "has_previous_block": "2024-11-07 00:32:52 +0000"
    },
    "done": true
  },
  "minecraft:recipes/transportation/bamboo_raft": {
    "criteria": {
      "in_water": "2024-11-07 00:31:18 +0000"
    },
    "done": true
  },
  "expandedstorage:recipes/misc/gold_to_obsidian_conversion_kit": {
    "criteria": {
      "has_previous_kit": "2024-11-07 00:32:51 +0000"
    },
    "done": true
  },
  "minecraft:recipes/transportation/spruce_boat": {
    "criteria": {
      "in_water": "2024-11-07 00:31:18 +0000"
    },
    "done": true
  },
  "expandedstorage:recipes/misc/netherite_mini_chest": {
    "criteria": {
      "has_item": "2024-11-07 00:32:52 +0000"
    },
    "done": true
  },
  "minecraft:recipes/misc/leather_horse_armor": {
    "criteria": {
      "has_leather": "2024-11-07 00:34:23 +0000"
    },
    "done": true
  },
  "minecraft:recipes/transportation/birch_boat": {
    "criteria": {
      "in_water": "2024-11-07 00:31:18 +0000"
    },
    "done": true
  },
  "waystones:recipes/decorations/mossy_waystone_from_moss_blocks": {
    "criteria": {
      "has_waystone": "2024-11-07 00:32:42 +0000"
    },
    "done": true
  },
  "minecraft:recipes/transportation/oak_boat": {
    "criteria": {
      "in_water": "2024-11-07 00:31:18 +0000"
    },
    "done": true
  },
  "travelersbackpack:recipes/misc/horse": {
    "criteria": {
      "has_leather": "2024-11-07 00:34:23 +0000"
    },
    "done": true
  },
  "expandedstorage:recipes/misc/obsidian_mini_chest": {
    "criteria": {
      "has_item": "2024-11-07 00:32:52 +0000"
    },
    "done": true
  },
  "expandedstorage:recipes/misc/bamboo_chest_minecart": {
    "criteria": {
      "has_chest": "2024-11-07 00:32:52 +0000"
    },
    "done": true
  },
  "minecraft:recipes/transportation/mangrove_boat": {
    "criteria": {
      "in_water": "2024-11-07 00:31:18 +0000"
    },
    "done": true
  },
  "expandedstorage:recipes/misc/copper_mini_chest": {
    "criteria": {
      "has_item": "2024-11-07 00:32:52 +0000"
    },
    "done": true
  },
  "expandedstorage:recipes/misc/storage_mutator": {
    "criteria": {
      "has_chest": "2024-11-07 00:32:52 +0000"
    },
    "done": true
  },
  "expandedstorage:recipes/misc/diamond_mini_chest": {
    "criteria": {
      "has_item": "2024-11-07 00:32:52 +0000"
    },
    "done": true
  },
  "travelersbackpack:recipes/misc/fox_smithing": {
    "criteria": {
      "has_fox": "2024-11-07 00:36:46 +0000"
    },
    "done": true
  },
  "minecraft:recipes/decorations/item_frame": {
    "criteria": {
      "has_leather": "2024-11-07 00:34:23 +0000"
    },
    "done": true
  },
  "minecraft:recipes/transportation/acacia_boat": {
    "criteria": {
      "in_water": "2024-11-07 00:31:18 +0000"
    },
    "done": true
  },
  "travelersbackpack:recipes/misc/bee_smithing": {
    "criteria": {
      "has_bee": "2024-11-07 00:33:24 +0000"
    },
    "done": true
  },
  "minecraft:recipes/combat/leather_boots": {
    "criteria": {
      "has_leather": "2024-11-07 00:34:23 +0000"
    },
    "done": true
  },
  "expandedstorage:recipes/misc/iron_mini_chest": {
    "criteria": {
      "has_item": "2024-11-07 00:32:52 +0000"
    },
    "done": true
  },
  "minecraft:recipes/transportation/jungle_boat": {
    "criteria": {
      "in_water": "2024-11-07 00:31:18 +0000"
    },
    "done": true
  },
  "minecraft:recipes/transportation/dark_oak_boat": {
    "criteria": {
      "in_water": "2024-11-07 00:31:18 +0000"
    },
    "done": true
  },
  "DataVersion": 3953
}